Country,Year,AvgTemp,Country_CO2,Year_CO2,co2,co2_per_capita,total_ghg
Brazil,1997,22.88038219696968,Brazil,1997,306.949,1.842,2696.838
Israel,1985,19.618314814814816,Israel,1985,24.613,5.995,30.503
Bangladesh,1987,25.91487280701754,Bangladesh,1987,11.8,0.112,100.755
Haiti,2012,27.121533333333332,Haiti,2012,2.262,0.225,22.169
Mozambique,1979,23.714777777777783,Mozambique,1979,2.635,0.239,39.31
Zambia,1995,22.10586458333334,Zambia,1995,2.142,0.244,64.292
Cuba,2009,26.199375000000003,Cuba,2009,28.261,2.502,41.802
Argentina,2010,17.410888020833337,Argentina,2010,186.121,4.508,479.33
Ireland,1976,9.602666666666668,Ireland,1976,22.29,6.904,56.78
Tanzania,1986,22.92764583333334,Tanzania,1986,2.278,0.098,99.207
Russia,1979,6.665930343511451,Russia,1979,2049.709,14.873,2928.791
Honduras,1999,24.5032,Honduras,1999,4.705,0.735,22.37
Turkey,2010,15.681119999999998,Turkey,2010,318.71,4.345,397.616
Uzbekistan,2008,13.033531249999998,Uzbekistan,2008,128.387,4.669,182.949
Uzbekistan,2011,13.036739583333334,Uzbekistan,2011,116.755,4.051,171.449
Kazakhstan,2007,12.305710526315792,Kazakhstan,2007,225.712,13.884,267.572
Latvia,1981,5.916166666666666,Latvia,1981,22.965,9.113,31.403
United Kingdom,1974,9.314254901960783,United Kingdom,1974,617.187,10.977,807.381
Pakistan,1976,23.657292372881358,Pakistan,1976,22.789,0.318,102.003
Pakistan,1986,23.956114406779673,Pakistan,1986,49.059,0.483,164.523
Japan,2001,14.025456625357496,Japan,2001,1245.935,9.79,1296.37
United States,1977,14.729711111111108,United States,1977,4749.501,21.273,6233.118
Madagascar,1998,23.108041666666665,Madagascar,1998,1.619,0.105,182.695
Madagascar,2008,22.65736111111111,Madagascar,2008,1.787,0.085,75.375
Italy,1991,12.737686507936507,Italy,1991,437.742,7.67,496.048
Colombia,2006,23.42346794871795,Colombia,2006,62.466,1.463,200.174
Germany,2006,10.12936983471074,Germany,2006,886.434,10.85,1010.108
Argentina,1977,17.734093750000003,Argentina,1977,100.729,3.772,294.606
Latvia,2007,7.34175,Latvia,2007,8.637,3.925,13.428
Cameroon,1996,24.99205,Cameroon,1996,5.975,0.445,68.51
Honduras,2009,24.827683333333333,Honduras,2009,8.03,0.981,32.705
Canada,2009,6.497305309734513,Canada,2009,541.13,15.997,798.718
Peru,1994,18.181342857142855,Peru,1994,24.177,1.012,123.185
Greece,1986,16.752880952380956,Greece,1986,58.275,5.776,78.777
Djibouti,2001,29.812916666666666,Djibouti,2001,0.366,0.475,1.515
Poland,1994,9.195791666666667,Poland,1994,359.991,9.388,484.039
Ukraine,1979,8.449371527777778,Ukraine,1979,648.771,13.048,837.358
Libya,1995,20.50405833333333,Libya,1995,54.596,11.126,108.966
Serbia,1987,10.152930555555555,Serbia,1987,56.298,7.14,73.711
Norway,1989,6.996173913043477,Norway,1989,34.148,8.079,46.433
Cambodia,1987,27.647000000000002,Cambodia,1987,0.436,0.066,146.197
Bolivia,1978,11.70042857142857,Bolivia,1978,5.021,0.912,85.328
United Kingdom,1993,9.23799019607843,United Kingdom,1993,579.613,10.017,745.05
Spain,1998,15.472433333333335,Spain,1998,273.65,6.737,330.727
Belgium,2011,11.544238095238095,Belgium,2011,105.159,9.526,127.768
Israel,1991,19.41,Israel,1991,36.148,7.563,42.481
Israel,1998,20.340185185185184,Israel,1998,56.01,9.673,63.945
Vietnam,1991,25.43401944444444,Vietnam,1991,21.376,0.32,168.349
Haiti,1979,26.6052,Haiti,1979,0.75,0.136,8.467
Tanzania,1996,23.072046875,Tanzania,1996,2.527,0.082,93.821
Afghanistan,2009,14.838124999999998,Afghanistan,2009,6.388,0.233,25.67
Djibouti,1990,29.643166666666673,Djibouti,1990,0.297,0.512,1.32
Uzbekistan,1993,11.857572916666667,Uzbekistan,1993,115.619,5.258,154.677
Thailand,1977,27.134162698412695,Thailand,1977,31.878,0.744,352.531
Hong Kong,1984,21.141166666666667,Hong Kong,1984,22.225,4.181,25.533
Laos,1984,24.236416666666667,Laos,1984,0.183,0.05,25.472
Morocco,2005,18.141358333333336,Morocco,2005,44.661,1.471,68.406
Malaysia,2012,27.2347109375,Malaysia,2012,212.994,7.18,448.654
Israel,1999,20.324768518518518,Israel,1999,54.756,9.209,62.934
South Africa,2007,17.11581939799331,South Africa,2007,465.034,9.203,588.225
Germany,1992,9.833431677018636,Germany,1992,969.464,11.978,1166.562
Zambia,1974,20.395843749999997,Zambia,1974,4.197,0.867,51.53
Zambia,2007,21.423312499999998,Zambia,2007,2.298,0.183,96.105
Taiwan,1987,22.205725000000008,Taiwan,1987,90.519,4.522,104.141
Algeria,1995,18.736749999999997,Algeria,1995,95.906,3.369,174.484
Syria,2000,18.809666666666665,Syria,2000,54.527,3.277,93.023
Netherlands,1998,10.127590277777779,Netherlands,1998,176.396,11.145,229.973
Australia,2013,17.867892857142856,Australia,2013,397.85,17.122,693.835
Guatemala,1999,19.444583333333327,Guatemala,1999,8.874,0.777,87.769
Peru,1990,17.513012000000003,Peru,1990,21.401,0.972,113.368
Peru,1996,17.197495999999997,Peru,1996,24.717,0.996,115.396
Djibouti,2012,30.265416666666667,Djibouti,2012,0.293,0.303,1.624
Benin,1986,27.08783333333334,Benin,1986,0.624,0.133,12.105
Senegal,2013,26.572765625000002,Senegal,2013,7.853,0.573,22.045
Libya,2007,21.003458333333334,Libya,2007,44.392,7.272,84.49
Kazakhstan,1978,8.52404,Kazakhstan,1978,219.992,14.954,371.208
Tunisia,2007,20.0362,Tunisia,2007,24.725,2.368,39.009
Morocco,2004,18.20473333333333,Morocco,2004,42.226,1.41,67.345
Iran,1982,15.141858441558444,Iran,1982,138.132,3.12,239.328
Ecuador,2005,21.227358974358975,Ecuador,2005,30.652,2.214,72.371
India,2009,26.6048949051375,India,2009,1613.328,1.316,2738.05
Philippines,2002,27.160029487179482,Philippines,2002,69.492,0.837,193.111
Romania,2009,10.624883333333333,Romania,2009,87.806,4.267,130.857
Colombia,2012,23.412630341880345,Colombia,2012,78.675,1.721,477.15
Lebanon,2009,19.992472222222222,Lebanon,2009,20.958,4.198,23.862
Germany,1985,7.8946358024691365,Germany,1985,1043.913,13.407,1269.186
Zambia,1987,21.949760416666663,Zambia,1987,2.674,0.372,54.424
Algeria,2012,19.138183333333334,Algeria,2012,135.593,3.602,203.436
Tanzania,1975,22.643656250000003,Tanzania,1975,2.282,0.141,72.173
Cameroon,1984,24.833883333333333,Cameroon,1984,6.053,0.639,64.532
Honduras,2013,25.03504444444445,Honduras,2013,9.328,1.049,29.677
Poland,2008,9.677429824561402,Poland,2008,329.428,8.67,398.639
Dominican Republic,1974,25.772361111111113,Dominican Republic,1974,6.41,1.304,26.799
Uzbekistan,1995,13.31121875,Uzbekistan,1995,104.804,4.573,147.166
Thailand,1987,27.359166666666667,Thailand,1987,53.814,1.033,298.281
Chad,1976,27.276083333333332,Chad,1976,0.183,0.043,17.866
Kazakhstan,2003,10.119030769230768,Kazakhstan,2003,175.022,11.114,194.207
Togo,1983,27.260250000000003,Togo,1983,0.624,0.193,7.01
Tunisia,1988,19.72011666666667,Tunisia,1988,13.436,1.685,22.521
Latvia,1975,7.559875000000001,Latvia,1975,20.094,8.182,28.035
United Kingdom,1989,10.332594362745096,United Kingdom,1989,581.561,10.17,761.676
Japan,1986,13.16869637750238,Japan,1986,914.049,7.531,996.115
Brazil,1974,21.99036174242423,Brazil,1974,142.981,1.361,1525.418
Israel,1986,19.395166666666665,Israel,1986,26.348,6.32,32.172
Greece,2002,17.253357142857144,Greece,2002,105.0,9.642,122.19
Poland,1977,8.306746666666667,Poland,1977,417.962,12.07,619.535
Guinea,1979,25.9908125,Guinea,1979,0.945,0.191,18.015
Libya,1976,19.636416666666666,Libya,1976,17.888,6.573,87.679
Norway,1982,6.351875,Norway,1982,30.912,7.513,42.425
Bulgaria,1984,10.882452380952381,Bulgaria,1984,87.045,9.723,115.329
Hong Kong,1982,21.745916666666673,Hong Kong,1982,19.623,3.81,22.781
Togo,1976,26.332624999999997,Togo,1976,0.322,0.122,3.206
Bolivia,1982,11.812985507246378,Bolivia,1982,4.341,0.721,67.456
Sweden,1995,6.82721568627451,Sweden,1995,59.487,6.74,73.155
Pakistan,2003,24.636382768361578,Pakistan,2003,113.142,0.677,277.715
Japan,1974,13.24480200860832,Japan,1974,914.306,8.163,1022.571
United States,1979,14.166366100587858,United States,1979,4908.766,21.57,6333.599
Malaysia,2010,27.501,Malaysia,2010,199.346,6.957,386.12
Brazil,1999,22.443971212121205,Brazil,1999,327.256,1.907,2965.704
Afghanistan,1978,15.212729411764709,Afghanistan,1978,2.153,0.158,19.846
Armenia,2010,12.078000000000003,Armenia,2010,4.256,1.452,8.032
Greece,1983,16.130369047619048,Greece,1983,54.789,5.528,76.208
Greece,1999,17.69497619047619,Greece,1999,97.934,9.129,116.077
Poland,1976,8.196648325358849,Poland,1976,398.126,11.608,598.808
Sudan,2013,29.582425,Sudan,2013,17.374,0.46,144.822
Serbia,2010,11.020513888888887,Serbia,2010,45.694,6.178,42.878
Nigeria,1979,26.947252747252744,Nigeria,1979,70.143,0.981,356.645
India,1995,25.97076124493712,India,1995,760.48,0.792,1712.603
Belgium,2002,11.283761904761905,Belgium,2002,126.883,12.279,151.02
Brazil,1996,22.506794162244123,Brazil,1996,289.311,1.762,2586.919
Egypt,2004,22.406478070175442,Egypt,2004,151.917,1.911,225.003
Romania,1990,10.802431506849317,Romania,1990,176.535,7.696,226.29
Colombia,1974,22.47367948717949,Colombia,1974,36.396,1.594,174.667
Cuba,1993,26.058880952380953,Cuba,1993,19.79,1.825,52.435
Ireland,2004,10.195500000000001,Ireland,2004,46.167,11.354,80.752
Peru,1997,19.72203703703704,Peru,1997,27.747,1.098,120.198
Serbia,1985,9.654180555555556,Serbia,1985,55.244,7.009,73.218
Panama,1977,27.143166666666662,Panama,1977,4.579,2.514,20.946
Panama,1988,27.09008333333333,Panama,1988,2.905,1.235,26.156
Hong Kong,1974,21.543000000000003,Hong Kong,1974,10.667,2.463,13.062
Tunisia,1982,19.4935,Tunisia,1982,9.878,1.43,21.178
Sweden,1997,7.290925925925928,Sweden,1997,58.355,6.597,71.61
Mexico,2000,20.613173539518904,Mexico,2000,391.435,3.969,652.32
France,1984,10.391291666666667,France,1984,414.656,7.515,587.225
India,1977,25.766915583031327,India,1977,258.962,0.404,1154.972
Philippines,1977,26.911451282051278,Philippines,1977,36.664,0.826,276.072
Germany,1980,8.14084259259259,Germany,1980,1099.901,14.045,1335.51
Belarus,2002,8.04921875,Belarus,2002,53.944,5.464,86.952
Cuba,2013,26.503039682539683,Cuba,2013,27.894,2.469,39.601
Netherlands,2002,10.607538194444444,Netherlands,2002,176.738,10.851,223.77
Uganda,1992,24.217555555555563,Uganda,1992,0.801,0.043,35.187
Lithuania,2011,7.806750000000002,Lithuania,2011,13.96,4.609,25.977
Sudan,1976,28.340091666666673,Sudan,1976,3.449,0.237,50.528
Libya,1989,20.373966666666664,Libya,1989,37.069,8.535,81.734
Serbia,1996,9.809152777777777,Serbia,1996,45.696,5.853,56.708
Panama,2013,27.723875,Panama,2013,10.274,2.686,22.485
Indonesia,1977,26.27658218390805,Indonesia,1977,82.41,0.595,709.935
France,1991,10.662877314814818,France,1991,419.119,7.318,638.377
Israel,1984,19.146935185185185,Israel,1984,23.498,5.825,29.175
Colombia,1984,22.6956047008547,Colombia,1984,48.712,1.701,168.302
Vietnam,2013,26.25323333333334,Vietnam,2013,151.459,1.672,370.437
Cuba,2005,26.3424880952381,Cuba,2005,25.706,2.282,45.483
Tanzania,1997,23.2476875,Tanzania,1997,2.824,0.089,94.597
Tanzania,2005,24.011421875,Tanzania,2005,5.356,0.137,163.332
Latvia,2005,6.398333333333333,Latvia,2005,7.811,3.487,17.525
Hungary,1990,11.032990740740741,Hungary,1990,73.427,7.073,98.023
Hungary,2009,11.51312037037037,Hungary,2009,51.458,5.145,61.951
Cameroon,1994,24.869222222222216,Cameroon,1994,4.88,0.384,59.758
Peru,1999,17.735781893004113,Peru,1999,29.562,1.129,138.571
Greece,2012,17.70536904761905,Greece,2012,91.393,8.272,105.525
Lithuania,1992,7.68225,Lithuania,1992,21.168,5.725,33.737
Sudan,1977,27.875766666666667,Sudan,1977,3.495,0.232,48.799
Uzbekistan,1974,11.853127659574467,Uzbekistan,1974,73.506,5.565,115.344
Norway,1981,3.7394500000000006,Norway,1981,31.805,7.758,43.698
Bulgaria,1976,10.2526125,Bulgaria,1976,72.968,8.33,103.345
Togo,2012,27.203083333333336,Togo,2012,2.216,0.312,11.368
Albania,2004,16.162249999999997,Albania,2004,4.177,1.348,7.716
Turkmenistan,1998,15.602527777777778,Turkmenistan,1998,33.446,7.583,57.62
Laos,1996,24.157583333333335,Laos,1996,0.753,0.149,37.665
Pakistan,1993,24.871442715700137,Pakistan,1993,77.176,0.608,205.561
Japan,2013,14.701497841726612,Japan,2013,1311.876,10.271,1351.01
Israel,2011,19.682740740740744,Israel,2011,68.595,9.181,77.985
Romania,2007,11.185162711864407,Romania,2007,108.497,5.199,132.044
Chile,1989,12.536178571428572,Chile,1989,32.018,2.423,59.767
Tanzania,1980,23.004562500000002,Tanzania,1980,1.874,0.098,104.093
Honduras,2004,24.73086666666667,Honduras,2004,7.194,0.986,21.161
Turkey,1998,14.344854545454547,Turkey,1998,215.586,3.383,304.182
Turkey,2001,14.745626865671644,Turkey,2001,216.872,3.274,309.57
Uganda,1988,24.47658333333333,Uganda,1988,0.863,0.052,35.383
Canada,1977,6.6538552631578955,Canada,1977,407.79,17.184,754.494
Lithuania,1974,7.187183333333335,Lithuania,1974,29.785,9.119,41.184
Lithuania,1980,5.354716666666666,Lithuania,1980,36.614,10.679,49.802
Serbia,2013,12.802729166666667,Serbia,2013,44.576,6.126,41.275
Hong Kong,1980,21.862916666666663,Hong Kong,1980,16.6,3.345,19.597
Laos,1998,25.455583333333326,Laos,1998,0.82,0.156,35.025
United Kingdom,1976,9.780703431372547,United Kingdom,1976,598.533,10.65,798.971
China,2011,15.145519634477663,China,2011,9520.153,6.999,11352.635
Vietnam,1986,25.128627777777783,Vietnam,1986,20.585,0.341,119.43
Zambia,1993,21.338114583333333,Zambia,1993,2.466,0.294,65.213
Hungary,1989,10.705537037037036,Hungary,1989,75.909,7.297,101.197
Australia,2008,17.28266071428572,Australia,2008,404.279,18.918,797.295
Armenia,2002,12.243600000000002,Armenia,2002,3.077,1.007,6.927
Benin,1975,26.730319444444447,Benin,1975,0.443,0.129,11.534
Lithuania,1997,6.963833333333334,Lithuania,1997,15.163,4.243,27.156
Libya,1996,20.557441666666666,Libya,1996,53.952,10.818,110.343
Norway,1985,5.282833333333333,Norway,1985,32.286,7.775,44.895
Turkmenistan,2008,15.33816666666667,Turkmenistan,2008,59.438,11.12,93.791
China,2010,14.969358504398832,China,2010,8610.048,6.37,10308.954
Belgium,1996,9.138547619047618,Belgium,1996,129.503,12.75,156.472
Belgium,2008,10.747940476190475,Belgium,2008,120.204,11.224,142.555
Venezuela,1996,26.017035416666666,Venezuela,1996,118.347,5.222,218.95
Algeria,1983,18.365933333333334,Algeria,1983,52.074,2.533,110.712
Peru,1986,17.69991902834008,Peru,1986,21.775,1.082,113.65
Greece,2000,17.192095238095238,Greece,2000,102.973,9.55,121.225
Djibouti,1983,29.496999999999996,Djibouti,1983,0.348,0.942,0.981
Djibouti,2009,30.206083333333336,Djibouti,2009,0.443,0.486,1.722
Poland,1997,8.321312638580928,Poland,1997,367.199,9.575,486.762
Sudan,2010,29.380483333333334,Sudan,2010,15.07,0.426,159.714
Bolivia,1988,12.309413793103447,Bolivia,1988,4.294,0.628,66.578
Bolivia,1989,12.150655737704916,Bolivia,1989,4.977,0.713,61.313
Bolivia,1990,12.055557142857142,Bolivia,1990,10.018,1.405,77.564
Laos,2005,24.909249999999997,Laos,2005,1.337,0.228,65.641
Nigeria,1976,26.566645604395607,Nigeria,1976,55.157,0.845,316.595
Mexico,1994,20.79356099656357,Mexico,1994,351.534,3.938,610.362
Indonesia,1987,26.713783908045972,Indonesia,1987,123.813,0.714,1423.853
Indonesia,1999,26.464517241379298,Indonesia,1999,291.771,1.37,1285.88
India,1998,26.22439693029203,India,1998,875.783,0.86,1855.813
Israel,1975,19.097231481481483,Israel,1975,19.54,5.889,84.317
Vietnam,2005,25.45524166666667,Vietnam,2005,95.842,1.182,301.726
Guatemala,1987,19.79058333333333,Guatemala,1987,3.912,0.472,118.701
Panama,1982,27.2085,Panama,1982,3.265,1.591,24.788
Cambodia,1984,27.087833333333332,Cambodia,1984,0.41,0.07,62.263
Ghana,1990,26.78464814814815,Ghana,1990,3.514,0.228,30.286
Nigeria,2013,27.62789972527472,Nigeria,2013,117.401,0.648,360.019
Morocco,1993,17.136074999999998,Morocco,1993,26.782,1.046,61.778
Japan,1979,14.490767541766093,Japan,1979,957.147,8.144,1048.18
United States,2012,16.078407843137263,United States,2012,5331.467,16.812,6388.708
Spain,1985,15.017969999999998,Spain,1985,199.943,5.18,250.311
Bangladesh,2010,26.20787280701754,Bangladesh,2010,54.036,0.355,164.582
Venezuela,2000,25.738329166666666,Venezuela,2000,142.902,5.826,263.709
Ireland,1986,8.451958333333332,Ireland,1986,28.55,8.061,59.098
Syria,1987,18.319619047619046,Syria,1987,36.137,3.173,54.55
Djibouti,1976,29.03175,Djibouti,1976,0.198,0.857,0.631
Ukraine,2011,8.943802083333333,Ukraine,2011,308.376,6.659,418.36
Sudan,2012,28.64533035714286,Sudan,2012,15.763,0.427,167.277
Thailand,1991,27.348388888888888,Thailand,1991,95.045,1.708,269.698
Iran,1988,15.834409669211196,Iran,1988,175.958,3.195,282.824
France,1974,10.679127314814814,France,1974,524.737,9.994,685.827
India,1992,25.757074200426437,India,1992,655.424,0.726,1632.941
India,2004,26.11960784313724,India,2004,1134.611,0.999,2129.202
Belgium,1979,9.274238095238093,Belgium,1979,139.787,14.247,167.036
Italy,1983,13.08354365079365,Italy,1983,358.409,6.314,420.124
Uruguay,1976,17.239583333333332,Uruguay,1976,5.888,2.036,25.876
Serbia,1978,9.51015277777778,Serbia,1978,44.675,5.789,61.343
Serbia,2003,10.728416666666666,Serbia,2003,48.649,6.409,54.626
Serbia,2011,10.694111111111113,Serbia,2011,48.956,6.647,45.504
Bulgaria,2005,10.94795238095238,Bulgaria,2005,50.6,6.576,56.864
Turkmenistan,1985,15.093416666666668,Turkmenistan,1985,32.564,10.027,57.98
Pakistan,2009,25.171980225988698,Pakistan,2009,148.355,0.763,344.851
Iran,2001,16.902165404040407,Iran,2001,389.912,5.781,539.502
Malaysia,1982,26.754377604166667,Malaysia,1982,30.642,2.215,183.166
Ecuador,2009,21.42264743589744,Ecuador,2009,33.815,2.281,77.756
Brazil,1990,22.58987727272727,Brazil,1990,218.658,1.466,2105.299
Israel,2004,19.88778703703704,Israel,2004,58.679,8.871,67.094
Lebanon,1987,18.937583333333336,Lebanon,1987,7.67,2.266,9.475
Lebanon,1997,18.847583333333333,Lebanon,1997,15.099,3.675,17.957
Haiti,1993,26.695083333333336,Haiti,1993,0.683,0.094,9.86
Zambia,1985,20.893333333333334,Zambia,1985,2.733,0.403,47.023
Taiwan,2009,22.64557222222222,Taiwan,2009,253.028,10.923,272.705
Cuba,1991,26.32447023809524,Cuba,1991,26.961,2.516,72.751
Cameroon,1978,24.776944444444446,Cameroon,1978,1.993,0.249,73.874
Syria,1991,18.509595238095237,Syria,1991,42.425,3.268,76.885
Honduras,1987,24.558916666666665,Honduras,1987,2.144,0.468,29.265
Armenia,2001,10.181166666666666,Armenia,2001,3.533,1.145,6.896
Greece,2011,16.74742857142857,Greece,2011,94.505,8.507,109.427
Portugal,1988,15.140761904761902,Portugal,1988,32.568,3.255,50.114
Panama,1980,27.063666666666666,Panama,1980,3.088,1.578,25.417
Kazakhstan,1993,9.532898734177216,Kazakhstan,1993,207.559,12.015,317.677
Chad,1990,27.672749999999997,Chad,1990,0.377,0.063,22.828
Laos,2002,24.752333333333336,Laos,2002,1.166,0.208,53.915
Japan,1985,13.80738979007634,Japan,1985,915.276,7.575,999.139
China,1998,15.971905442009358,China,1998,3355.336,2.682,5195.279
India,1997,25.563705480912777,India,1997,857.976,0.859,1831.317
India,2008,25.889753570667246,India,2008,1490.366,1.234,2641.331
Brazil,2005,23.0540696969697,Brazil,2005,364.371,1.973,3057.048
Venezuela,2013,26.350825000000004,Venezuela,2013,198.452,6.634,317.226
Lebanon,1988,19.066472222222224,Lebanon,1988,7.346,2.126,9.113
Tanzania,2002,23.30390625,Tanzania,2002,3.486,0.096,110.839
Russia,2003,6.457600591715978,Russia,2003,1539.006,10.556,2012.192
Cameroon,2005,25.542066666666667,Cameroon,2005,5.424,0.318,63.555
Netherlands,2003,10.26796527777778,Netherlands,2003,180.169,11.008,228.595
Australia,1992,16.91417857142857,Australia,1992,284.433,16.208,568.962
Lithuania,1999,7.858016666666667,Lithuania,1999,13.45,3.818,26.759
Guinea,1986,25.583520833333335,Guinea,1986,0.997,0.173,16.573
Guinea,1990,26.046499999999998,Guinea,1990,0.967,0.15,23.314
Senegal,1991,26.39089583333333,Senegal,1991,3.108,0.391,14.701
Uzbekistan,2010,13.733937500000001,Uzbekistan,2010,107.668,3.793,159.98
Bulgaria,1987,10.406607142857144,Bulgaria,1987,91.277,10.169,118.62
Hong Kong,1999,22.147916666666664,Hong Kong,1999,42.549,6.431,47.565
Laos,2008,24.061666666666667,Laos,2008,2.131,0.347,73.837
United Kingdom,1992,9.672702205882354,United Kingdom,1992,593.846,10.289,762.51
Morocco,1983,18.024716666666666,Morocco,1983,17.627,0.837,44.922
Morocco,1990,18.315716666666663,Morocco,1990,22.298,0.915,56.695
France,1999,11.546150462962963,France,1999,413.07,6.991,495.177
France,2003,11.970787037037038,France,2003,412.989,6.799,476.792
Japan,2009,14.379103431839843,Japan,2009,1160.253,9.051,1193.447
India,1989,25.662949701619787,India,1989,540.662,0.639,1514.593
Brazil,1981,22.226090151515145,Brazil,1981,171.262,1.38,1813.243
Germany,2000,10.350313664596273,Germany,2000,898.976,10.99,1042.311
Algeria,1988,18.65423333333333,Algeria,1988,82.839,3.436,143.595
Algeria,1994,19.07176666666667,Algeria,1994,87.848,3.15,158.236
Ireland,1988,9.594375000000001,Ireland,1988,29.884,8.477,57.221
Hungary,1992,11.075425925925924,Hungary,1992,62.281,6.005,77.176
Afghanistan,1999,15.964471910112358,Afghanistan,1999,1.092,0.055,18.338
Afghanistan,2012,14.25488043478261,Afghanistan,2012,9.731,0.318,30.964
Australia,1989,17.146761904761906,Australia,1989,256.838,15.225,478.989
Poland,1987,6.832286363636363,Poland,1987,463.736,12.312,643.636
Cambodia,2004,27.47125,Cambodia,2004,2.239,0.169,69.559
Kazakhstan,1994,7.961184210526315,Kazakhstan,1994,174.671,10.248,277.77
Laos,1997,24.667333333333335,Laos,1997,0.792,0.154,34.649
United Kingdom,1990,10.455360294117643,United Kingdom,1990,601.945,10.493,784.056
Pakistan,2007,24.973769774011295,Pakistan,2007,148.349,0.804,328.961
Malaysia,1987,27.119252604166658,Malaysia,1987,40.878,2.511,371.294
Madagascar,1984,22.036416666666664,Madagascar,1984,0.866,0.085,64.865
Brazil,1975,22.01593106060608,Brazil,1975,150.287,1.396,1583.52
New Zealand,1982,12.910046728971963,New Zealand,1982,18.27,5.736,92.802
Romania,1993,9.420924137931035,Romania,1993,122.709,5.372,155.016
Germany,1976,9.169876811594202,Germany,1976,1090.808,13.92,1322.032
Argentina,1975,17.304494764397905,Argentina,1975,94.86,3.666,283.822
Latvia,1994,6.085291666666667,Latvia,1994,10.37,4.113,9.767
Afghanistan,1993,15.232127906976745,Afghanistan,1993,1.487,0.1,10.454
Guatemala,2012,19.8825,Guatemala,2012,11.347,0.752,50.506
Uganda,1974,23.958499999999997,Uganda,1974,1.19,0.104,41.133
Peru,1993,18.062897233201582,Peru,1993,23.885,1.02,138.536
Sudan,1997,28.612191666666668,Sudan,1997,5.023,0.195,90.28
Sudan,1999,28.553475,Sudan,1999,4.753,0.175,86.945
Senegal,1998,27.341000000000005,Senegal,1998,3.334,0.351,32.123
Uruguay,2008,18.59391666666667,Uruguay,2008,8.218,2.489,61.332
Thailand,2003,27.34661507936508,Thailand,2003,191.088,2.946,368.632
Bulgaria,2007,12.646902439024387,Bulgaria,2007,55.669,7.338,61.869
Bolivia,2004,12.761639344262294,Bolivia,2004,11.051,1.201,170.64
Turkmenistan,2004,16.26188888888889,Turkmenistan,2004,49.355,9.954,90.372
Laos,1982,24.397166666666664,Laos,1982,0.158,0.046,24.28
United Kingdom,1975,9.698042892156865,United Kingdom,1975,603.254,10.73,803.507
Iran,1993,15.02461772151899,Iran,1993,236.993,3.86,409.287
Belgium,1985,9.024011904761903,Belgium,1985,104.012,10.527,133.77
Israel,1976,18.99737962962963,Israel,1976,19.497,5.737,24.521
Egypt,2002,22.74810087719298,Egypt,2002,128.362,1.684,197.826
Italy,1998,13.576087301587302,Italy,1998,460.824,8.054,537.794
Bangladesh,1994,25.499543859649126,Bangladesh,1994,17.553,0.146,101.16
Cuba,1997,26.86047023809524,Cuba,1997,24.824,2.257,53.909
Chile,1983,12.738742857142855,Chile,1983,20.674,1.719,57.669
Algeria,1998,18.521683333333332,Algeria,1998,105.74,3.518,172.446
Guatemala,1993,19.85425,Guatemala,1993,5.572,0.57,67.758
Armenia,1996,9.546416666666667,Armenia,1996,2.5,0.763,5.636
Peru,1979,17.738768,Peru,1979,22.217,1.312,125.924
Sudan,1978,28.09654166666667,Sudan,1978,3.156,0.201,46.15
Senegal,2012,26.778739583333333,Senegal,2012,7.362,0.553,21.433
Serbia,1976,9.288638888888888,Serbia,1976,41.141,5.397,57.99
Chad,2007,28.009124999999997,Chad,2007,1.089,0.098,58.374
Ghana,1985,26.503129629629626,Ghana,1985,3.144,0.23,25.849
Bolivia,1977,11.806154929577465,Bolivia,1977,4.476,0.832,74.629
United Kingdom,2005,10.302862745098038,United Kingdom,2005,570.338,9.412,714.9
Morocco,2001,18.62934166666667,Morocco,2001,36.809,1.277,61.019
Japan,1987,14.173936190476189,Japan,1987,902.207,7.399,979.995
China,2007,15.60341440349177,China,2007,6974.663,5.261,8701.73
Spain,2012,15.490025,Spain,2012,277.432,5.901,326.7
Malaysia,1979,26.91122916666667,Malaysia,1979,27.306,2.162,184.162
Malaysia,2005,27.330718749999992,Malaysia,2005,169.978,6.579,296.443
Malaysia,2013,27.643078125000002,Malaysia,2013,241.671,8.009,512.12
Ecuador,1997,22.04542307692308,Ecuador,1997,19.461,1.618,93.902
Chile,1991,12.447607142857143,Chile,1991,30.892,2.261,55.638
Turkey,1990,13.60664579901153,Turkey,1990,154.572,2.759,233.442
Australia,2002,17.598946428571427,Australia,2002,362.425,18.495,700.182
Uganda,1976,24.162250000000004,Uganda,1976,0.985,0.082,38.268
Poland,2007,9.604195175438596,Poland,2007,335.735,8.83,409.996
Kazakhstan,1987,8.371109756097562,Kazakhstan,1987,256.685,15.531,388.906
Sweden,1990,7.620288461538461,Sweden,1990,57.417,6.709,63.328
Laos,1991,24.851916666666668,Laos,1991,0.546,0.123,27.716
Laos,2010,25.496916666666667,Laos,2010,3.001,0.474,69.682
Nigeria,2000,26.89983791208792,Nigeria,2000,96.831,0.766,561.807
Pakistan,2013,25.873196506550226,Pakistan,2013,148.183,0.702,371.964
Japan,2002,14.320706190476189,Japan,2002,1275.42,10.005,1320.563
Madagascar,1982,22.351069444444445,Madagascar,1982,1.013,0.106,69.762
Belgium,2004,10.757488095238093,Belgium,2004,128.812,12.36,153.557
Brazil,1982,22.381410003789295,Brazil,1982,171.439,1.351,1842.956
Italy,1975,12.951984031936128,Italy,1975,341.056,6.182,418.237
Italy,1981,12.646978174603172,Italy,1981,375.307,6.625,444.72
Colombia,1987,23.595,Colombia,1987,50.138,1.644,155.675
Haiti,1975,26.4868,Haiti,1975,0.483,0.095,6.338
Algeria,1993,18.444280701754384,Algeria,1993,81.306,2.981,153.619
Algeria,1997,19.090016666666667,Algeria,1997,87.517,2.959,157.481
Ireland,1997,10.423666666666668,Ireland,1997,38.805,10.567,68.312
Poland,1982,9.050849411764707,Poland,1982,420.978,11.618,612.051
Ukraine,2013,11.638044444444445,Ukraine,2013,297.54,6.45,413.975
Portugal,1976,14.68763095238095,Portugal,1976,22.326,2.398,38.624
Serbia,2006,10.449208333333335,Serbia,2006,53.721,7.152,48.668
Norway,2010,5.590055555555555,Norway,2010,45.659,9.339,62.985
Bulgaria,2012,11.89119512195122,Bulgaria,2012,48.277,6.598,61.776
Tunisia,1995,19.516216666666665,Tunisia,1995,16.623,1.815,27.295
Nigeria,1983,26.91219047619048,Nigeria,1983,59.622,0.741,278.658
Iran,1997,15.833323604060913,Iran,1997,269.263,4.231,425.313
Malaysia,1986,26.789203124999997,Malaysia,1986,40.102,2.544,351.274
Ecuador,1995,21.302814102564106,Ecuador,1995,23.534,2.03,83.241
Israel,1989,19.304990740740745,Israel,1989,31.394,7.165,37.285
Bangladesh,1985,25.70042105263158,Bangladesh,1985,10.189,0.102,88.702
Cameroon,2001,24.947383333333335,Cameroon,2001,5.562,0.363,62.2
Syria,2006,18.812607142857143,Syria,2006,54.04,2.752,81.597
Honduras,1979,24.484350000000003,Honduras,1979,1.923,0.532,26.13
Canada,1989,6.150394736842105,Canada,1989,462.889,16.915,802.299
Benin,1987,27.98704166666667,Benin,1987,0.474,0.098,11.185
Dominican Republic,1996,26.191101851851855,Dominican Republic,1996,16.459,2.049,26.163
Portugal,2006,16.079642857142854,Portugal,2006,64.856,6.163,73.882
Libya,2005,20.680425,Libya,2005,55.986,9.556,100.316
Uzbekistan,2004,13.9275,Uzbekistan,2004,129.099,4.96,173.659
Panama,1994,27.53258333333333,Panama,1994,4.136,1.549,19.7
Albania,1991,15.363583333333331,Albania,1991,4.29,1.307,10.52
Turkmenistan,1997,15.865666666666666,Turkmenistan,1997,31.196,7.193,52.812
Turkmenistan,2013,18.155291666666667,Turkmenistan,2013,64.34,10.833,98.09
Sweden,2013,9.073296296296297,Sweden,2013,45.106,4.698,64.433
Mexico,1985,20.056907216494853,Mexico,1985,287.181,3.827,490.711
France,1983,11.05637037037037,France,1983,426.039,7.762,596.847
Madagascar,1979,22.313319444444446,Madagascar,1979,1.13,0.129,73.641
Bangladesh,1998,25.709429824561404,Bangladesh,1998,23.216,0.179,119.708
Venezuela,1986,25.692968749999995,Venezuela,1986,109.32,6.099,210.632
Colombia,1995,23.22126282051282,Colombia,1995,59.35,1.658,233.069
South Africa,1985,17.116859999999996,South Africa,1985,323.865,9.242,440.369
Mozambique,1974,23.374819444444444,Mozambique,1974,3.146,0.341,37.504
Chile,2002,12.109660516605167,Chile,2002,54.836,3.458,98.891
Ireland,1996,9.322708333333333,Ireland,1996,37.469,10.298,66.669
Peru,2010,18.873793721973097,Peru,2010,42.505,1.461,131.759
Guinea,1988,26.011291666666665,Guinea,1988,1.026,0.169,18.923
Serbia,1995,10.186819444444444,Serbia,1995,39.047,4.991,49.881
Thailand,2013,28.52145238095239,Thailand,2013,263.754,3.776,451.94
Cambodia,2009,27.5365,Cambodia,2009,4.579,0.321,57.443
Chad,2005,28.418374999999997,Chad,2005,0.929,0.09,58.917
Albania,1977,16.038166666666665,Albania,1977,5.717,2.228,12.462
Albania,1988,15.988,Albania,1988,7.329,2.281,13.912
Indonesia,1995,26.590126436781595,Indonesia,1995,222.225,1.112,1252.83
Israel,2001,20.351268518518516,Israel,2001,63.024,10.068,71.595
Venezuela,1974,25.392781250000006,Venezuela,1974,75.058,5.848,151.105
Venezuela,1976,25.422487499999995,Venezuela,1976,57.278,4.21,144.325
Lebanon,2003,19.665666666666667,Lebanon,2003,18.529,4.094,21.406
Zambia,1997,21.54411458333333,Zambia,1997,2.354,0.255,63.392
Russia,1974,7.084498106060605,Russia,1974,1741.162,13.066,2640.646
Uganda,1996,24.285194444444446,Uganda,1996,1.018,0.048,33.759
Bulgaria,1982,11.211737500000002,Bulgaria,1982,89.844,10.08,118.522
Bulgaria,1990,12.047451219512194,Bulgaria,1990,76.638,8.687,101.645
Sweden,1974,7.369799999999999,Sweden,1974,79.823,9.781,85.113
China,1994,15.241416807943812,China,1994,3093.891,2.559,4901.601
Madagascar,2004,22.78648611111111,Madagascar,2004,1.804,0.097,85.387
Brazil,2007,23.040964001515732,Brazil,2007,390.573,2.071,2745.828
Lebanon,1989,19.14038888888889,Lebanon,1989,7.721,2.19,9.63
South Africa,1995,16.983026666666667,South Africa,1995,361.712,8.121,495.88
Vietnam,2001,25.375972222222224,Vietnam,2001,60.983,0.782,289.003
Mozambique,1995,24.321388888888887,Mozambique,1995,1.131,0.071,55.664
Cuba,1990,26.307535714285716,Cuba,1990,29.638,2.788,67.633
Algeria,1991,17.653883333333336,Algeria,1991,77.976,3.0,154.618
Argentina,1985,17.633895833333337,Argentina,1985,100.569,3.315,274.944
Argentina,1996,17.623324607329845,Argentina,1996,131.446,3.701,311.916
Latvia,2001,6.6256666666666675,Latvia,2001,7.497,3.206,6.975
Australia,1983,17.340773809523807,Australia,1983,207.645,13.47,574.036
Norway,1987,5.395909090909091,Norway,1987,33.207,7.931,45.716
Thailand,1998,28.044353174603177,Thailand,1998,159.704,2.596,326.572
Panama,1993,27.372833333333336,Panama,1993,3.749,1.434,15.914
Chad,1996,27.466208333333327,Chad,1996,0.443,0.06,44.916
Hong Kong,1998,22.476249999999997,Hong Kong,1998,38.925,5.969,43.725
Albania,2008,16.707583333333332,Albania,2008,4.448,1.486,10.527
United Kingdom,1981,9.051719362745095,United Kingdom,1981,560.547,9.956,756.353
Indonesia,1979,26.37377241379309,Indonesia,1979,95.123,0.654,787.06
China,2005,15.011428536821708,China,2005,5881.991,4.49,7551.543
Belgium,1976,10.602583333333332,Belgium,1976,129.681,13.289,158.212
Romania,1989,9.917642140468228,Romania,1989,212.97,9.305,268.486
Bangladesh,1977,25.32449561403509,Bangladesh,1977,5.785,0.071,74.461
Germany,1982,9.458776859504136,Germany,1982,1015.5,12.954,1243.83
Belarus,1990,8.143726315789472,Belarus,1990,108.459,10.648,163.561
Mozambique,1996,23.99493055555556,Mozambique,1996,1.092,0.066,61.662
Ireland,1981,9.311791666666666,Ireland,1981,26.062,7.557,56.806
Russia,1985,5.857586099585062,Russia,1985,2349.517,16.365,3330.7
Turkey,1996,13.764906095551899,Turkey,1996,203.098,3.278,274.507
Australia,1996,16.995476190476193,Australia,1996,311.851,17.036,677.191
Ukraine,1993,7.639648083623692,Ukraine,1993,510.495,9.752,669.811
Guinea,1999,25.954708333333333,Guinea,1999,1.385,0.168,33.413
Senegal,1985,26.096093750000005,Senegal,1985,2.651,0.397,11.593
Hong Kong,1990,22.157999999999998,Hong Kong,1990,27.148,4.882,31.19
Sweden,1994,6.063793103448277,Sweden,1994,59.997,6.833,70.737
Morocco,1994,18.013924999999997,Morocco,1994,28.124,1.082,57.488
Iran,1983,15.791193255512317,Iran,1983,150.028,3.259,258.721
France,2007,11.569236111111111,France,2007,396.461,6.35,457.941
United States,2001,15.260763132137027,United States,2001,5903.562,20.767,6976.344
Spain,1975,14.27772666666667,Spain,1975,181.054,5.058,226.098
Spain,1977,14.439258333333331,Spain,1977,194.829,5.33,240.757
Spain,2013,15.539954773869347,Spain,2013,252.109,5.38,302.976
Israel,2009,20.26465740740741,Israel,2009,63.861,8.862,72.303
Italy,2011,14.08598214285714,Italy,2011,423.897,7.022,476.084
Italy,2013,14.09509821428571,Italy,2013,369.461,6.091,412.456
Bangladesh,1979,25.958789473684202,Bangladesh,1979,6.613,0.077,83.024
Colombia,1976,22.796506410256416,Colombia,1976,37.983,1.592,191.074
Lebanon,2004,19.555305555555552,Lebanon,2004,17.208,3.742,20.319
Vietnam,1988,25.30114722222222,Vietnam,1988,23.073,0.367,124.001
Argentina,1988,17.07699738903394,Argentina,1988,121.464,3.822,292.444
Tanzania,1981,22.80836458333334,Tanzania,1981,2.107,0.106,90.62
Uganda,2009,25.030861111111115,Uganda,2009,2.996,0.095,54.148
Armenia,2006,9.8885,Armenia,2006,4.402,1.472,9.912
Peru,2004,18.657825531914895,Peru,2004,28.504,1.023,154.495
Poland,2004,8.639580219780221,Poland,2004,323.621,8.479,392.54
Norway,1976,3.994190476190476,Norway,1976,33.332,8.279,42.153
Norway,1980,4.94747619047619,Norway,1980,31.777,7.778,42.946
Thailand,1993,27.037226190476197,Thailand,1993,121.855,2.123,293.821
Togo,1990,27.267625,Togo,1990,0.978,0.244,7.627
Bolivia,1993,11.89057142857143,Bolivia,1993,11.562,1.525,96.772
Tunisia,1978,18.56706666666667,Tunisia,1978,7.603,1.205,16.12
Tunisia,1999,20.3355,Tunisia,1999,18.709,1.938,29.608
Laos,2001,24.76166666666667,Laos,2001,1.059,0.192,51.069
Nigeria,2004,27.381256410256412,Nigeria,2004,94.962,0.673,480.39
Pakistan,1992,24.12071287128713,Pakistan,1992,72.015,0.583,198.285
Japan,1977,13.857039178213082,Japan,1977,935.554,8.095,1030.354
Malaysia,1991,26.927833333333336,Malaysia,1991,65.785,3.586,232.16
Ecuador,2002,21.561724358974363,Ecuador,2002,24.861,1.892,62.31
Madagascar,1976,22.220819444444444,Madagascar,1976,0.992,0.124,93.446
New Zealand,1974,13.747289719626165,New Zealand,1974,18.76,6.169,116.77
Italy,1976,12.400265873015874,Italy,1976,365.799,6.596,440.635
Haiti,1995,27.203033333333334,Haiti,1995,0.876,0.116,12.006
Mozambique,1983,24.431055555555552,Mozambique,1983,1.954,0.162,43.293
Mozambique,1990,24.026298611111113,Mozambique,1990,1.025,0.078,47.289
Taiwan,1992,21.782744444444447,Taiwan,1992,142.432,6.788,157.755
Argentina,2001,18.01231299734748,Argentina,2001,135.004,3.588,319.058
Hungary,2006,10.720305555555555,Hungary,2006,59.529,5.923,74.487
Syria,2002,19.036345238095237,Syria,2002,40.727,2.331,68.103
Afghanistan,2007,15.822714285714287,Afghanistan,2007,2.8,0.108,20.244
Armenia,1999,10.10925,Armenia,1999,3.04,0.96,5.516
Djibouti,1991,29.61833333333334,Djibouti,1991,0.3,0.476,1.333
Ukraine,1986,8.241550522648085,Ukraine,1986,740.756,14.434,942.756
Ukraine,2006,8.675501742160279,Ukraine,2006,333.054,7.044,435.004
Sudan,1981,28.34919166666667,Sudan,1981,3.34,0.188,51.882
Uruguay,1988,17.418958333333332,Uruguay,1988,4.793,1.562,27.156
Uruguay,1990,17.971458333333334,Uruguay,1990,3.977,1.281,25.558
Bulgaria,1979,11.158607142857145,Bulgaria,1979,78.931,8.944,105.973
Turkmenistan,1988,15.51836111111111,Turkmenistan,1988,37.2,10.451,62.78
India,1994,25.828545396419415,India,1994,714.043,0.759,1675.792
Romania,1997,8.85944406779661,Romania,1997,118.115,5.27,148.491
Venezuela,2008,26.15387291666667,Venezuela,2008,155.758,5.552,278.716
Belarus,2001,7.400281250000002,Belarus,2001,54.105,5.444,87.376
Cuba,1998,26.614023809523808,Cuba,1998,24.309,2.203,55.099
Argentina,2009,17.919214659685863,Argentina,2009,178.378,4.366,540.889
Cameroon,1990,25.181311111111114,Cameroon,1990,2.605,0.23,56.757
Syria,1993,18.294238095238093,Syria,1993,45.522,3.3,82.947
Honduras,1982,24.471549999999997,Honduras,1982,1.749,0.442,25.994
Afghanistan,1985,15.427222222222223,Afghanistan,1985,3.501,0.306,16.834
Portugal,1991,15.330202380952382,Portugal,1991,46.879,4.702,63.886
Senegal,1993,26.486583333333332,Senegal,1993,3.286,0.391,18.794
Libya,1977,20.492000000000004,Libya,1977,20.198,7.01,93.833
Mexico,2005,20.903975085910652,Mexico,2005,463.436,4.38,692.625
Indonesia,1974,26.04545344827588,Indonesia,1974,51.225,0.398,721.586
Iran,2003,16.296392535392535,Iran,2003,410.967,5.976,588.296
United States,2003,15.069470280862191,United States,2003,6006.44,20.718,7245.448
United States,2005,15.250070799347473,United States,2005,6126.903,20.719,7428.8
Haiti,1978,26.802599999999998,Haiti,1978,0.75,0.139,7.506
Taiwan,1997,22.23505833333334,Taiwan,1997,190.782,8.717,207.114
Chile,1978,12.41518947368421,Chile,1978,22.842,2.044,65.126
Hungary,1995,10.397537037037038,Hungary,1995,61.464,5.954,77.343
Turkey,2008,14.80756923076923,Turkey,2008,312.628,4.369,382.37
Canada,1998,8.286803493449781,Canada,1998,529.615,17.462,882.794
Canada,2010,8.123086363636363,Canada,2010,554.307,16.209,796.322
Lithuania,1995,7.191799999999999,Lithuania,1995,15.057,4.151,27.582
Uzbekistan,2009,13.218770833333332,Uzbekistan,2009,109.23,3.91,157.819
Thailand,2002,27.52005158730159,Thailand,2002,184.665,2.873,355.795
Togo,2007,27.658374999999996,Togo,2007,1.517,0.245,10.051
Laos,2012,25.53375,Laos,2012,3.328,0.511,77.706
Iran,2000,16.320617424242425,Iran,2000,367.213,5.529,525.648
Japan,2011,14.147036684135305,Japan,2011,1261.181,9.846,1303.186
Spain,1984,14.29018,Spain,1984,197.708,5.144,247.636
India,2006,26.27570450181351,India,2006,1293.321,1.103,2324.594
Brazil,1986,22.638623484848484,Brazil,1986,197.183,1.425,2177.23
Egypt,1987,21.654469298245616,Egypt,1987,73.377,1.367,127.647
Italy,1992,13.495954365079363,Italy,1992,437.937,7.666,490.734
Bangladesh,1984,25.280434210526316,Bangladesh,1984,9.077,0.093,86.297
Venezuela,1991,25.837706250000004,Venezuela,1991,114.221,5.625,194.062
South Africa,1984,16.985998333333335,South Africa,1984,315.597,9.312,421.034
South Africa,2006,16.601523411371232,South Africa,2006,446.744,8.935,562.151
Vietnam,2012,25.80531666666667,Vietnam,2012,144.288,1.612,353.585
Mozambique,1991,24.07548611111111,Mozambique,1991,0.941,0.071,47.118
Algeria,2000,19.005883333333333,Algeria,2000,84.552,2.736,156.96
Algeria,2010,19.13365,Algeria,2010,117.847,3.257,184.522
Honduras,1974,23.95985,Honduras,1974,1.553,0.501,31.243
Australia,2001,17.55617261904762,Australia,2001,357.668,18.469,736.087
Canada,1976,5.397828193832599,Canada,1976,398.966,17.009,752.768
Greece,1988,16.660857142857143,Greece,1988,67.052,6.589,89.369
Benin,2006,27.936749999999996,Benin,2006,3.351,0.385,20.712
Benin,2008,27.592152777777777,Benin,2008,3.919,0.425,34.669
Norway,1986,5.276277777777777,Norway,1986,34.785,8.347,46.958
Kazakhstan,2004,11.274093333333331,Kazakhstan,2004,185.476,11.702,215.078
Ghana,2007,27.19437962962963,Ghana,2007,8.982,0.38,43.886
Tunisia,1975,18.595700000000004,Tunisia,1975,5.594,0.958,17.93
Tunisia,1984,18.61635,Tunisia,1984,12.193,1.689,21.57
Tunisia,1987,19.5303,Tunisia,1987,12.717,1.633,20.895
Sweden,1999,7.4880172413793105,Sweden,1999,55.937,6.315,66.956
Pakistan,1990,24.68234463276836,Pakistan,1990,67.827,0.584,182.571
Iran,1990,15.904970737913487,Iran,1990,211.075,3.616,370.772
Brazil,1993,22.727013257575752,Brazil,1993,244.306,1.558,2282.487
Germany,1995,9.488629399585923,Germany,1995,939.934,11.46,1123.859
Mozambique,2001,24.224999999999998,Mozambique,2001,1.554,0.084,84.124
Cameroon,2000,24.912977777777773,Cameroon,2000,5.589,0.375,66.961
Netherlands,1975,9.860756944444441,Netherlands,1975,152.529,11.15,208.455
Canada,1987,7.860630901287554,Canada,1987,430.982,16.238,778.645
Kazakhstan,1990,8.373319444444444,Kazakhstan,1990,267.405,15.588,402.639
Tunisia,2006,20.128633333333337,Tunisia,2006,22.915,2.215,36.316
Indonesia,1978,26.25904022988506,Indonesia,1978,93.928,0.662,781.549
Morocco,1984,17.283966666666668,Morocco,1984,17.645,0.817,42.247
Spain,2000,15.349911666666669,Spain,2000,309.26,7.539,361.474
Malaysia,1995,26.949927083333332,Malaysia,1995,109.595,5.391,276.036
India,2000,25.986626945214233,India,2000,987.065,0.933,2005.885
Egypt,2008,22.928394736842108,Egypt,2008,195.86,2.281,272.889
Germany,1981,8.658801652892565,Germany,1981,1048.362,13.364,1282.259
Belarus,1995,7.28096875,Belarus,1995,61.015,5.983,105.917
Cuba,2002,26.50544047619048,Cuba,2002,25.179,2.253,47.509
Latvia,2011,7.54313043478261,Latvia,2011,7.808,3.791,13.313
Benin,2011,27.810958333333335,Benin,2011,4.48,0.444,30.67
Uruguay,2001,18.747958333333333,Uruguay,2001,5.041,1.539,31.501
Thailand,2009,27.339365079365077,Thailand,2009,228.836,3.359,435.926
Bulgaria,1988,10.840309523809523,Bulgaria,1988,86.917,9.673,114.177
Albania,2009,16.730000000000004,Albania,2009,4.37,1.476,9.234
Sweden,1975,6.621346938775511,Sweden,1975,80.76,9.858,86.349
Ecuador,2006,21.40504487179487,Ecuador,2006,29.781,2.114,70.386
Tanzania,1987,23.4325625,Tanzania,1987,2.368,0.099,89.99
Turkey,1997,13.067473509933778,Turkey,1997,215.512,3.429,302.625
Turkey,2003,13.677800658978585,Turkey,2003,239.849,3.536,340.492
Peru,2007,17.713212244897957,Peru,2007,34.567,1.212,137.747
Greece,1982,16.189238095238093,Greece,1982,51.509,5.236,71.303
Lithuania,1979,5.792916666666668,Lithuania,1979,35.22,10.344,48.082
Dominican Republic,1993,26.275898148148144,Dominican Republic,1993,11.195,1.474,21.587
United Kingdom,2004,10.366041666666668,United Kingdom,2004,573.43,9.53,701.971
United States,1998,15.490134464751964,United States,1998,5736.36,20.775,6926.782
Spain,1976,14.320831666666663,Spain,1976,197.749,5.466,242.722
Madagascar,1996,22.636319444444446,Madagascar,1996,1.249,0.086,116.602
Brazil,2004,22.5470340909091,Brazil,2004,361.434,1.979,3313.758
Brazil,2011,22.624316666666672,Brazil,2011,461.911,2.365,2379.088
Israel,1981,19.425620370370368,Israel,1981,21.018,5.528,26.417
Belarus,1980,5.4227684210526315,Belarus,1980,97.226,10.124,157.83
Haiti,2002,27.342816666666668,Haiti,2002,1.778,0.207,11.641
Haiti,2010,27.1058,Haiti,2010,2.129,0.217,24.496
Tanzania,1998,23.378682291666667,Tanzania,1998,2.481,0.077,104.747
Poland,1986,8.12461374407583,Poland,1986,451.856,12.065,635.034
Guinea,2013,26.533812500000003,Guinea,2013,2.077,0.186,96.626
Albania,1995,15.670666666666667,Albania,1995,2.089,0.641,7.302
Iran,1976,14.963734693877548,Iran,1976,156.49,4.492,332.487
China,2003,15.126960721343869,China,2003,4835.251,3.735,6373.199
Philippines,2008,26.970194871794877,Philippines,2008,76.605,0.826,245.337
Madagascar,1997,22.837222222222223,Madagascar,1997,1.535,0.102,139.043
Israel,1982,18.77737962962963,Israel,1982,23.855,6.142,29.015
Israel,1996,19.840305555555556,Israel,1996,51.936,9.444,59.531
Egypt,2000,21.891008771929826,Egypt,2000,142.837,1.954,210.582
Zambia,1992,22.106770833333332,Zambia,1992,2.425,0.297,60.977
Algeria,1984,17.481416666666668,Algeria,1984,70.417,3.31,128.428
Argentina,1983,17.187707571801567,Argentina,1983,105.182,3.579,280.141
Latvia,1987,3.9467499999999993,Latvia,1987,19.294,7.347,27.753
Latvia,1997,6.228916666666667,Latvia,1997,8.68,3.567,8.188
Russia,1998,6.355089072543616,Russia,1998,1465.859,9.929,1948.111
Uganda,2011,24.72002777777778,Uganda,2011,3.828,0.115,55.012
Canada,1985,6.246668141592919,Canada,1985,421.726,16.266,747.777
Peru,1980,17.28680769230769,Peru,1980,24.065,1.386,122.964
Senegal,2003,26.643864583333336,Senegal,2003,4.928,0.46,15.419
Serbia,2012,11.318736111111109,Serbia,2012,43.764,5.975,39.118
Norway,1983,6.152521739130434,Norway,1983,31.947,7.739,43.606
Mexico,2013,21.62210080183276,Mexico,2013,495.412,4.186,707.327
India,1975,25.390909400980593,India,1975,234.21,0.383,1035.697
Romania,1977,9.606226351351353,Romania,1977,177.833,8.195,244.633
Colombia,1996,22.967032051282054,Colombia,1996,59.628,1.635,232.471
Russia,1995,7.51633744493392,Russia,1995,1618.286,10.913,2142.492
Syria,1982,17.75109523809524,Syria,1982,24.44,2.553,38.512
Canada,2003,6.976414746543779,Canada,2003,581.19,18.255,948.6
Guinea,1996,26.169541666666664,Guinea,1996,1.183,0.152,29.351
Uruguay,2012,18.744625,Uruguay,2012,8.605,2.58,53.555
Panama,2011,27.113583333333327,Panama,2011,9.899,2.68,19.827
Kazakhstan,1982,9.611564516129034,Kazakhstan,1982,229.742,14.829,376.354
Nigeria,1985,26.772070512820523,Nigeria,1985,69.561,0.819,319.885
Israel,1978,19.560629629629627,Israel,1978,21.032,5.907,26.195
Italy,1996,12.969491017964076,Italy,1996,442.843,7.747,498.726
Venezuela,1998,26.648412500000003,Venezuela,1998,134.993,5.72,251.855
Cuba,1994,26.443666666666672,Cuba,1994,21.426,1.968,53.249
Chile,1977,12.704811387900357,Chile,1977,23.017,2.091,69.41
Algeria,1979,17.900666666666666,Algeria,1979,45.303,2.512,103.286
Netherlands,2006,10.91963888888889,Netherlands,2006,173.279,10.506,223.169
Honduras,2012,24.607900000000004,Honduras,2012,9.108,1.045,30.006
Australia,1991,17.43113095238095,Australia,1991,279.437,16.103,522.525
Uganda,2003,24.812472222222222,Uganda,2003,1.513,0.057,41.382
Ghana,2010,27.58923148148148,Ghana,2010,8.943,0.351,45.466
Turkmenistan,1990,15.523472222222223,Turkmenistan,1990,33.361,8.871,58.74
Sweden,1978,4.7677962962962965,Sweden,1978,79.477,9.603,85.344
Morocco,1988,17.854249999999997,Morocco,1988,20.931,0.891,57.814
Pakistan,1991,24.243326271186437,Pakistan,1991,67.477,0.562,183.223
France,2006,11.784567129629629,France,2006,406.669,6.554,466.453
Malaysia,2002,27.383273437500005,Malaysia,2002,132.035,5.478,277.628
Ecuador,1980,21.046852564102565,Ecuador,1980,13.416,1.643,122.933
Philippines,1984,26.778870512820514,Philippines,1984,30.785,0.573,202.223
Madagascar,2001,22.970041666666667,Madagascar,2001,1.747,0.103,115.858
Belgium,2000,11.237726190476188,Belgium,2000,126.776,12.366,152.466
Romania,2004,9.702599999999999,Romania,2004,103.233,4.823,133.131
South Africa,1976,16.03593989983305,South Africa,1976,192.909,7.308,286.291
Germany,1987,7.978117525773192,Germany,1987,1032.267,13.224,1250.928
Zambia,2004,21.40613541666666,Zambia,2004,2.104,0.186,79.16
Taiwan,1991,22.358783333333335,Taiwan,1991,133.631,6.43,148.633
Chile,1976,11.95281850533808,Chile,1976,24.029,2.217,76.97
Algeria,2001,19.46106666666667,Algeria,2001,86.019,2.745,150.513
Latvia,1990,7.424541666666666,Latvia,1990,19.662,7.391,27.616
Latvia,2004,6.355208333333334,Latvia,2004,7.731,3.415,14.957
Hungary,1993,10.210222222222221,Hungary,1993,62.991,6.082,78.223
Hungary,2007,11.82638888888889,Hungary,2007,58.449,5.825,72.995
Honduras,2003,24.775700000000004,Honduras,2003,6.687,0.939,27.67
Australia,2006,17.489148809523808,Australia,2006,391.373,19.007,662.826
Lithuania,1978,5.620833333333334,Lithuania,1978,34.922,10.332,47.4
Ukraine,2005,9.124559027777778,Ukraine,2005,313.513,6.588,417.94
Dominican Republic,2000,26.236777777777778,Dominican Republic,2000,18.937,2.206,32.277
Dominican Republic,2004,26.647564814814814,Dominican Republic,2004,17.254,1.895,27.582
Uzbekistan,2005,13.482635416666668,Uzbekistan,2005,121.602,4.614,173.01
Serbia,1990,11.089111111111114,Serbia,1990,57.538,7.307,72.311
Norway,2004,6.896239999999999,Norway,2004,44.257,9.638,61.09
Panama,1996,27.146,Panama,1996,4.397,1.581,19.328
Ghana,1992,26.49134259259259,Ghana,1992,3.243,0.2,28.902
Albania,2002,16.47175,Albania,2002,3.748,1.196,7.704
Tunisia,1985,19.2269,Tunisia,1985,12.704,1.714,20.968
Mexico,1977,20.290379725085906,Mexico,1977,192.338,3.087,339.111
Mexico,1986,20.228140034364266,Mexico,1986,293.219,3.829,574.975
China,1985,14.029731041209462,China,1985,1997.193,1.884,3560.514
Belgium,1990,11.18517857142857,Belgium,1990,120.335,12.081,145.061
South Africa,1997,16.70457,South Africa,1997,385.215,8.435,521.499
Germany,1984,8.483949484536081,Germany,1984,1033.017,13.244,1258.619
Vietnam,1998,26.062852777777778,Vietnam,1998,47.866,0.636,270.424
Taiwan,2006,22.88413055555556,Taiwan,2006,276.552,12.069,295.974
Argentina,1989,17.935057894736836,Argentina,1989,117.067,3.628,289.025
Tanzania,2003,23.605015624999997,Tanzania,2003,3.687,0.099,134.115
Hungary,1988,10.308500000000002,Hungary,1988,78.031,7.474,104.557
Armenia,1995,9.758250000000002,Armenia,1995,3.363,1.017,7.138
Poland,2003,8.623269736842104,Poland,2003,318.733,8.343,396.923
Panama,1979,27.10075,Panama,1979,4.19,2.192,21.136
Panama,1987,27.673666666666666,Panama,1987,3.164,1.375,25.567
Cambodia,1986,27.086000000000002,Cambodia,1986,0.432,0.069,122.959
United Kingdom,1985,8.675067401960785,United Kingdom,1985,559.635,9.886,740.042
Pakistan,2004,25.419259887005648,Pakistan,2004,124.637,0.728,290.965
India,1983,25.43940537084399,India,1983,352.205,0.478,1299.55
Philippines,1995,26.893616666666667,Philippines,1995,59.22,0.839,189.991
Madagascar,2013,22.4625625,Madagascar,2013,3.061,0.127,66.823
Bangladesh,2009,26.133482456140353,Bangladesh,2009,49.188,0.326,158.02
Belarus,2005,7.284781250000001,Belarus,2005,59.396,6.144,95.442
Vietnam,1976,24.822663888888894,Vietnam,1976,13.899,0.291,136.068
Haiti,2009,27.249883333333337,Haiti,2009,1.881,0.194,30.309
Mozambique,2000,23.87303472222222,Mozambique,2000,1.322,0.073,65.936
Algeria,1974,17.38096666666667,Algeria,1974,31.847,2.104,89.549
Argentina,1992,17.121463350785337,Argentina,1992,121.514,3.606,309.154
Australia,1976,16.910666666666664,Australia,1976,169.803,12.088,484.119
Guatemala,2006,19.875666666666667,Guatemala,2006,12.176,0.911,74.88
Canada,1981,6.671177489177489,Canada,1981,429.622,17.292,774.426
Djibouti,2008,29.68841666666667,Djibouti,2008,0.495,0.554,1.792
Dominican Republic,2002,26.943268518518515,Dominican Republic,2002,20.87,2.358,29.322
Libya,1982,20.200705882352946,Libya,1982,30.565,8.206,74.363
Libya,1992,20.09904166666667,Libya,1992,37.024,7.979,80.676
Libya,2004,20.83705833333334,Libya,2004,56.854,9.911,98.371
Kazakhstan,1996,10.144208333333335,Kazakhstan,1996,154.716,9.425,199.212
Togo,1980,27.002791666666656,Togo,1980,0.794,0.272,5.564
Ghana,2000,26.87038888888889,Ghana,2000,5.313,0.271,40.454
Albania,1982,16.0765,Albania,1982,7.308,2.567,14.056
Laos,1988,24.476166666666668,Laos,1988,0.213,0.052,25.405
China,1984,13.731090163934436,China,1984,1844.213,1.767,3463.252
Russia,1989,7.526741298212607,Russia,1989,2405.697,16.224,3335.42
Turkey,2012,14.6391097972973,Turkey,2012,358.645,4.769,454.121
Canada,2007,7.013476394849786,Canada,2007,589.956,17.828,907.137
Peru,1977,17.231353846153848,Peru,1977,23.296,1.446,125.484
Guinea,2008,26.400208333333335,Guinea,2008,1.964,0.198,41.767
Libya,2002,21.07555833333333,Libya,2002,52.525,9.535,89.684
Norway,1998,7.225666666666668,Norway,1998,41.838,9.441,56.174
Thailand,1980,27.530563492063493,Thailand,1980,39.751,0.871,338.307
Hong Kong,2011,21.529750000000003,Hong Kong,2011,43.15,6.041,48.272
Ghana,1986,26.519944444444448,Ghana,1986,2.935,0.21,28.111
United States,1980,14.65170219025825,United States,1980,4730.218,20.579,6170.309
United States,2007,15.312594771241832,United States,2007,6121.542,20.28,7181.516
India,2010,26.55924434968016,India,2010,1678.53,1.35,2848.131
Philippines,1990,26.98849102564103,Philippines,1990,40.774,0.649,199.879
Madagascar,2002,22.975986111111112,Madagascar,2002,1.232,0.07,98.708
Egypt,1999,22.687793859649126,Egypt,1999,126.987,1.776,194.761
Bangladesh,1996,25.701745614035087,Bangladesh,1996,21.507,0.172,115.692
Colombia,1983,23.643850427350422,Colombia,1983,49.218,1.759,165.697
Vietnam,1997,25.413566666666668,Vietnam,1997,45.502,0.613,236.789
Mozambique,1980,23.685354166666666,Mozambique,1980,3.198,0.282,39.21
Mozambique,1998,24.559652777777778,Mozambique,1998,1.112,0.064,63.883
Cuba,1999,25.982333333333333,Cuba,1999,24.489,2.212,47.568
Algeria,2005,18.591683333333332,Algeria,2005,109.564,3.309,173.606
Russia,2009,7.696054781801299,Russia,2009,1545.236,10.741,2249.519
Ukraine,1998,8.667662020905924,Ukraine,1998,328.878,6.528,431.185
Senegal,2006,26.657250000000005,Senegal,2006,4.43,0.385,17.045
Chad,1983,27.372958333333333,Chad,1983,0.205,0.041,16.882
Ghana,1987,27.44004629629629,Ghana,1987,3.147,0.22,31.492
China,1983,14.589140503875974,China,1983,1693.747,1.646,3330.966
Malaysia,1996,26.86701041666667,Malaysia,1996,110.108,5.281,265.074
India,2012,26.19265892133873,India,2012,1926.986,1.507,3164.01
Venezuela,2009,26.62168958333333,Venezuela,2009,152.176,5.351,267.759
Zambia,1976,20.3743125,Zambia,1976,4.019,0.781,47.02
Chile,1996,12.364821167883212,Chile,1996,48.226,3.273,82.276
Russia,1980,5.439233243967831,Russia,1980,2130.355,15.374,3144.013
Russia,1994,6.105348148148152,Russia,1994,1646.876,11.112,2245.12
Syria,1988,18.309107142857144,Syria,1988,36.86,3.128,57.995
Syria,1996,18.93332142857143,Syria,1996,47.446,3.159,86.112
Netherlands,2012,10.04611111111111,Netherlands,2012,165.752,9.799,205.055
Turkey,1981,13.891011494252874,Turkey,1981,79.321,1.712,150.804
Afghanistan,1997,15.148470588235295,Afghanistan,1997,1.304,0.071,18.057
Guatemala,1985,19.350333333333335,Guatemala,1985,3.495,0.445,61.693
Poland,2012,8.889953436807096,Poland,2012,325.778,8.518,382.93
Libya,2011,20.60080833333333,Libya,2011,53.542,8.441,69.612
Uzbekistan,1984,12.057457446808511,Uzbekistan,1984,92.106,5.3,141.979
Serbia,2009,11.303402777777778,Serbia,2009,45.92,6.184,43.86
Ghana,2008,27.031203703703707,Ghana,2008,8.324,0.343,43.624
Sweden,1984,5.73835294117647,Sweden,1984,57.308,6.874,63.697
Pakistan,1980,24.70431073446328,Pakistan,1980,31.932,0.388,124.478
China,1977,14.48129535452323,China,1977,1340.715,1.421,3343.369
Ecuador,1987,21.626730769230768,Ecuador,1987,15.055,1.539,81.22
Romania,1999,10.26961,Romania,1999,88.899,4.011,119.851
Germany,1998,9.495867631851088,Germany,1998,923.499,11.261,1078.613
Belarus,1984,6.607281250000001,Belarus,1984,99.364,10.055,160.782
Zambia,2000,21.208208333333328,Zambia,2000,1.784,0.178,58.201
Algeria,2008,18.916450000000005,Algeria,2008,108.596,3.119,176.144
Argentina,1986,17.787565104166667,Argentina,1986,104.199,3.382,275.895
Ireland,1995,10.286958333333333,Ireland,1995,35.853,9.93,63.859
Netherlands,1994,10.440399305555555,Netherlands,1994,171.952,11.104,228.342
Poland,2013,9.370748344370861,Poland,2013,321.757,8.41,380.849
Libya,1999,21.381766666666667,Libya,1999,50.26,9.632,88.893
Bolivia,2008,11.888454545454545,Bolivia,2008,13.028,1.322,130.623
Turkmenistan,1995,16.04188888888889,Turkmenistan,1995,34.569,8.248,57.098
Sweden,2000,7.4417241379310335,Sweden,2000,54.892,6.187,69.902
Laos,1981,24.461583333333326,Laos,1981,0.15,0.045,25.17
Mexico,2007,20.597421821305844,Mexico,2007,473.595,4.354,698.851
Indonesia,1991,26.44056379310345,Indonesia,1991,174.754,0.936,994.146
Indonesia,2004,26.85178735632184,Indonesia,2004,342.709,1.504,1288.085
Spain,1979,14.715171666666665,Spain,1979,202.747,5.446,249.565
Spain,2001,15.528028333333332,Spain,2001,311.031,7.541,367.158
Ecuador,1978,20.81647435897436,Ecuador,1978,10.41,1.346,89.218
Lebanon,1976,18.588555555555555,Lebanon,1976,5.924,2.173,7.468
Lebanon,1979,19.627083333333335,Lebanon,1979,5.785,2.007,7.258
Lebanon,1998,20.034777777777776,Lebanon,1998,16.286,3.895,18.237
Lebanon,2008,20.078083333333332,Lebanon,2008,17.418,3.536,20.532
South Africa,2002,17.089773333333337,South Africa,2002,356.501,7.424,477.323
Germany,2003,9.867757231404957,Germany,2003,894.501,10.894,1027.411
Germany,2011,10.257348909657326,Germany,2011,804.542,9.95,917.062
Belarus,2011,7.823552083333335,Belarus,2011,61.353,6.477,101.044
Haiti,1976,26.401533333333337,Haiti,1976,0.672,0.129,6.455
Cuba,1981,25.72934523809524,Cuba,1981,32.723,3.322,78.84
Tanzania,1991,23.01898958333334,Tanzania,1991,2.255,0.084,79.327
Netherlands,2005,10.432899305555557,Netherlands,2005,178.13,10.818,227.757
Honduras,2011,24.790033333333334,Honduras,2011,8.857,1.037,34.567
Guatemala,1990,19.639833333333335,Guatemala,1990,4.658,0.516,49.068
Guatemala,1994,20.082,Guatemala,1994,6.639,0.661,72.451
Thailand,1997,27.433619047619043,Thailand,1997,181.203,2.984,352.22
Bulgaria,1977,11.119416666666668,Bulgaria,1977,75.796,8.609,104.426
Chad,1999,27.369708333333335,Chad,1999,0.474,0.058,44.395
Turkmenistan,1977,14.871805555555556,Turkmenistan,1977,27.237,10.38,52.064
Turkmenistan,1982,14.085861111111113,Turkmenistan,1982,29.521,9.888,54.815
Pakistan,1998,24.87452259887006,Pakistan,1998,96.741,0.66,252.755
China,1996,14.268418824098708,China,1996,3499.311,2.843,5359.031
Philippines,1985,27.00340641025641,Philippines,1985,27.855,0.505,200.594
Brazil,1995,22.852961742424245,Brazil,1995,268.678,1.661,2645.838
Egypt,2005,22.424013157894734,Egypt,2005,166.934,2.058,240.169
Bangladesh,1976,25.455605263157896,Bangladesh,1976,5.556,0.07,71.587
Bangladesh,1995,25.640048245614036,Bangladesh,1995,21.056,0.172,108.342
Ireland,2012,9.746291666666666,Ireland,2012,38.224,8.309,69.01
Latvia,2006,6.963416666666665,Latvia,2006,8.31,3.745,13.967
Netherlands,2013,9.507020833333334,Netherlands,2013,164.925,9.72,203.779
Afghanistan,2005,14.896811111111111,Afghanistan,2005,1.89,0.077,19.199
Dominican Republic,2010,26.855833333333337,Dominican Republic,2010,20.445,2.082,33.504
Uzbekistan,2000,13.52711458333333,Uzbekistan,2000,123.478,4.982,164.768
Uzbekistan,2012,12.578864583333333,Uzbekistan,2012,118.86,4.062,176.753
Cambodia,1978,27.312250000000002,Cambodia,1978,0.048,0.009,18.151
Cambodia,1981,27.362583333333333,Cambodia,1981,0.3,0.057,22.211
Bolivia,2007,12.026169230769229,Bolivia,2007,12.74,1.315,122.738
Tunisia,1980,18.292133333333332,Tunisia,1980,9.784,1.481,18.162
Turkmenistan,1983,15.88613888888889,Turkmenistan,1983,29.945,9.762,55.6
Laos,2007,24.805916666666665,Laos,2007,1.836,0.303,69.445
Indonesia,1998,27.087910919540224,Indonesia,1998,244.315,1.164,1259.636
United States,1987,14.93339614630961,United States,1987,4691.93,19.06,6046.492
Spain,1983,15.088095000000003,Spain,1983,203.446,5.318,252.885
Germany,2013,9.463346875000001,Germany,2013,831.746,10.263,946.155
Haiti,1989,26.757916666666674,Haiti,1989,1.022,0.152,7.661
Hungary,1974,10.486611111111111,Hungary,1974,74.028,7.081,99.867
Netherlands,2007,11.004614583333332,Netherlands,2007,173.028,10.467,220.701
Lithuania,1986,6.143133333333334,Lithuania,1986,36.063,10.035,50.066
Dominican Republic,1990,26.51465740740741,Dominican Republic,1990,8.929,1.249,17.933
Senegal,1981,26.556520833333334,Senegal,1981,3.28,0.547,12.397
Uruguay,2002,18.30170833333333,Uruguay,2002,4.569,1.394,32.74
Bolivia,2009,12.16382258064516,Bolivia,2009,13.633,1.361,128.916
Tunisia,1977,19.347916666666666,Tunisia,1977,6.819,1.108,16.366
United Kingdom,1978,9.089948529411764,United Kingdom,1978,604.728,10.765,798.987
Mexico,2009,21.005427835051538,Mexico,2009,460.29,4.11,674.108
Morocco,2007,18.03675,Morocco,2007,48.913,1.568,75.141
Iran,1984,15.390768934531451,Iran,1984,150.401,3.147,256.317
France,1980,9.937717592592593,France,1980,514.509,9.538,677.58
Japan,1984,13.020367843511446,Japan,1984,940.542,7.813,1028.927
Spain,2006,15.983856666666668,Spain,2006,358.869,8.029,410.581
Madagascar,1981,22.294875000000005,Madagascar,1981,1.025,0.11,68.038
Romania,1974,9.282003333333336,Romania,1974,150.611,7.161,216.782
South Africa,1999,17.51095666666667,South Africa,1999,374.869,8.022,510.197
Russia,1990,7.148395833333335,Russia,1990,2536.284,17.024,3462.518
Guatemala,2003,20.1205,Guatemala,2003,10.411,0.831,73.609
Uganda,1993,24.350416666666664,Uganda,1993,0.797,0.041,34.08
Greece,2001,17.56745238095238,Greece,2001,105.361,9.717,122.429
Lithuania,2010,6.429816666666667,Lithuania,2010,13.802,4.455,24.418
Portugal,1978,14.884011904761905,Portugal,1978,22.585,2.363,41.334
Portugal,1987,15.694964285714285,Portugal,1987,31.198,3.119,49.141
Portugal,1989,16.154511904761907,Portugal,1989,40.822,4.082,58.162
Thailand,1992,27.06436111111111,Thailand,1992,105.513,1.867,268.208
France,2002,11.708453703703706,France,2002,407.027,6.747,471.031
Brazil,2000,22.557505303030325,Brazil,2000,340.183,1.955,2823.803
Egypt,1984,21.757833333333338,Egypt,1984,62.942,1.278,112.537
Cuba,2012,26.266910714285718,Cuba,2012,29.476,2.608,41.973
Hungary,2004,10.423398148148147,Hungary,2004,59.985,5.947,74.896
Afghanistan,1991,15.57064367816092,Afghanistan,1991,1.914,0.156,13.711
Uganda,1989,23.913555555555558,Uganda,1989,0.804,0.047,36.676
Canada,2002,7.448901709401708,Canada,2002,564.256,17.893,937.466
Uruguay,1995,17.879708333333337,Uruguay,1995,4.565,1.431,30.681
Bulgaria,1993,10.959365853658536,Bulgaria,1993,58.389,6.896,76.804
Indonesia,2007,26.68232758620688,Indonesia,2007,387.577,1.635,1356.118
Pakistan,1999,25.259405367231647,Pakistan,1999,99.389,0.66,256.205
Belgium,1981,9.880119047619047,Belgium,1981,123.577,12.545,151.458
Italy,2000,14.050831349206346,Italy,2000,469.598,8.199,538.479
Vietnam,1999,25.208919444444444,Vietnam,1999,48.548,0.636,296.095
Haiti,1974,26.288749999999997,Haiti,1974,0.472,0.094,6.563
Cuba,2004,26.465934523809523,Cuba,2004,24.54,2.183,47.851
Ireland,2007,10.562708333333333,Ireland,2007,47.658,10.847,92.831
Armenia,1989,12.2514,Armenia,1989,9.418,2.735,12.04
Armenia,1990,9.097833333333334,Armenia,1990,9.003,2.535,11.656
Peru,2005,18.39023275862069,Peru,2005,30.321,1.079,146.384
Portugal,1979,14.797309523809526,Portugal,1979,24.856,2.572,43.951
Portugal,1981,15.61125,Portugal,1981,27.0,2.745,45.056
Uruguay,1982,18.29970833333333,Uruguay,1982,4.86,1.633,27.519
Albania,1985,15.912833333333332,Albania,1985,7.882,2.604,14.435
Norway,1995,7.265058823529412,Norway,1995,38.469,8.825,55.789
France,2012,11.279648148148148,France,2012,358.1,5.59,425.889
Israel,2010,21.623675925925927,Israel,2010,68.287,9.308,77.147
Colombia,1994,23.115429487179497,Colombia,1994,66.982,1.907,191.867
Lebanon,1993,19.00213888888889,Lebanon,1993,10.355,2.71,12.745
Chile,2006,12.88316423357664,Chile,2006,64.048,3.88,109.724
Algeria,2009,19.07696666666667,Algeria,2009,116.328,3.278,177.874
Ireland,1989,10.10075,Ireland,1989,30.061,8.562,56.878
Ireland,1999,10.223958333333334,Ireland,1999,42.44,11.309,77.852
Armenia,2004,10.761000000000001,Armenia,2004,3.691,1.221,9.073
Sudan,2003,28.823308333333333,Sudan,2003,8.515,0.285,136.858
Portugal,2013,15.92785714285714,Portugal,2013,48.146,4.604,59.408
Uzbekistan,1982,12.088791666666665,Uzbekistan,1982,89.966,5.465,138.011
Thailand,1989,27.099662698412697,Thailand,1989,71.696,1.331,265.607
Bulgaria,2002,11.834047619047618,Bulgaria,2002,46.141,5.869,54.355
Bolivia,1991,12.530880597014926,Bolivia,1991,10.506,1.443,76.025
Pakistan,1978,24.061548022598878,Pakistan,1978,26.051,0.341,114.023
Spain,1990,15.661785,Spain,1990,229.383,5.869,283.0
Ecuador,1989,20.58419871794872,Ecuador,1989,20.194,1.972,91.878
Madagascar,2009,23.011971830985914,Madagascar,2009,1.699,0.079,71.653
New Zealand,1976,12.728065420560748,New Zealand,1976,19.249,6.156,104.148
Bangladesh,1992,25.392100877192984,Bangladesh,1992,15.391,0.133,94.167
Venezuela,2004,26.05385625,Venezuela,2004,142.842,5.423,257.117
Colombia,1989,22.78861111111111,Colombia,1989,53.1,1.671,156.13
Lebanon,1986,19.19325,Lebanon,1986,7.478,2.266,9.329
Poland,1988,10.181034574468088,Poland,1988,444.241,11.747,620.71
Benin,2007,27.859972222222225,Benin,2007,3.931,0.439,32.751
Senegal,1983,26.988125,Senegal,1983,2.611,0.413,11.641
Cambodia,1975,27.049916666666665,Cambodia,1975,0.048,0.007,23.457
Kazakhstan,1976,8.012157142857145,Kazakhstan,1976,206.067,14.72,361.364
Albania,1979,15.865,Albania,1979,7.584,2.828,14.26
Turkmenistan,1996,14.834388888888888,Turkmenistan,1996,31.654,7.424,55.888
Sweden,2005,7.440263157894736,Sweden,2005,53.787,5.957,76.726
Mexico,1975,20.021861683848797,Mexico,1975,164.104,2.782,295.396
Pakistan,1979,24.148577683615823,Pakistan,1979,28.134,0.356,136.523
United States,1988,14.71723815746488,United States,1988,4897.776,19.718,6267.084
Ecuador,1988,20.85780128205128,Ecuador,1988,17.205,1.719,70.98
Bangladesh,1989,25.566004385964913,Bangladesh,1989,13.382,0.122,98.455
Venezuela,1997,26.17215625,Venezuela,1997,129.755,5.609,235.632
Belarus,2010,7.337781249999999,Belarus,2010,62.515,6.587,102.54
Vietnam,2007,25.50440833333333,Vietnam,2007,101.433,1.213,312.522
Tanzania,1979,22.72847395833334,Tanzania,1979,2.063,0.111,101.146
Tanzania,1984,22.734744791666667,Tanzania,1984,2.347,0.108,134.922
Honduras,2006,24.829349999999994,Honduras,2006,7.698,1.005,21.683
Afghanistan,1979,14.508175824175826,Afghanistan,1979,2.233,0.164,19.59
Afghanistan,1990,14.913135416666668,Afghanistan,1990,2.024,0.168,13.519
Australia,1999,17.430255952380953,Australia,1999,343.876,18.185,710.665
Armenia,1987,9.534999999999998,Armenia,1987,8.169,2.454,10.861
Greece,1990,17.04778571428571,Greece,1990,83.437,8.133,104.685
Djibouti,1981,29.21466666666666,Djibouti,1981,0.3,0.876,0.88
Lithuania,1998,6.8343,Lithuania,1998,15.997,4.509,30.05
Lithuania,2000,8.291916666666667,Lithuania,2000,11.843,3.383,3.408
Sudan,1987,28.770699999999998,Sudan,1987,3.07,0.148,54.644
Dominican Republic,1981,26.473694444444444,Dominican Republic,1981,6.133,1.045,21.86
Hong Kong,2006,22.230083333333337,Hong Kong,2006,41.915,6.047,46.763
United Kingdom,2002,10.423795343137256,United Kingdom,2002,560.273,9.41,693.542
Morocco,1996,17.945700000000002,Morocco,1996,29.525,1.101,59.024
Pakistan,1985,24.75133050847458,Pakistan,1985,46.814,0.477,138.435
Iran,1985,15.673148477157362,Iran,1985,160.486,3.237,271.552
China,2004,15.17907221006565,China,2004,5210.961,4.002,6840.591
China,2009,15.17998755186723,China,2009,7881.491,5.871,9644.707
Lebanon,1999,20.07633333333333,Lebanon,1999,16.43,3.861,18.818
South Africa,1974,16.279706666666666,South Africa,1974,176.548,7.065,268.596
Argentina,1979,17.150453125000006,Argentina,1979,110.649,4.014,295.368
Ireland,2006,10.427666666666665,Ireland,2006,47.597,11.15,80.521
Latvia,2000,7.577708333333333,Latvia,2000,7.082,2.99,5.407
Uganda,1987,24.95227777777778,Uganda,1987,0.772,0.048,34.659
Greece,1976,15.795166666666665,Greece,1976,42.656,4.657,61.984
Togo,2003,27.453833333333336,Togo,2003,1.805,0.325,8.423
